Model,Accuracy,F1-Score (Macro)
Multinomial Naive Bayes,0.7272727272727273,0.4761904761904761
Logistic Regression,0.7272727272727273,0.4761904761904761
